State,1928,1929,1930,1931,1932,1933,1934,1935,1936,1937,1938,1939,1940,1941,1942,1943,1944,1945,1946,1947,1948,1949,1950,1951,1952,1953,1954,1955,1956,1957,1958,1959,1960,1961,1962,1963,1964,1965,1966,1967,1968,1969,1970,1971,1972,1973,1974,1975,1976,1977,1978,1979,1980,1981,1982,1983,1984,1985,1986,1987,1988,1989,1990,1991,1992,1993,1994,1995,1996,1997,1998,1999,2000,2001,2002,2003,2004,2005,2006,2007,2008,2009,2010,2011,2012
Alabama,2640.000,2644.000,2647.000,2649.000,2653.000,2661.000,2685.000,2719.000,2743.000,2762.000,2787.000,2814.000,2845.000,2902.000,2941.000,2902.000,2802.000,2775.000,2911.000,2942.000,2969.000,3000.000,3058.000,3059.000,3068.000,3053.000,3014.000,3050.000,3071.000,3109.000,3163.000,3204.000,3274.000,3316.000,3323.000,3358.000,3395.000,3443.000,3464.000,3458.000,3446.000,3440.000,3444.354,3497.076,3539.400,3579.780,3626.499,3678.814,3735.139,3780.403,3831.836,3866.248,3900.368,3918.531,3925.266,3934.102,3951.820,3972.523,3991.569,4015.264,4023.844,4030.222,4048.508,4091.025,4139.269,4193.114,4232.965,4262.731,4290.403,4320.281,4351.037,4369.862,4452.173,4467.634,4480.089,4503.491,4530.729,4569.805,4628.981,4672.840,4718.206,4757.938,4785.514,4799.642,4816.632
Alaska,,,,,,,,,,,,,,,,,,,,,,,135.000,158.000,189.000,205.000,215.000,222.000,224.000,231.000,224.000,224.000,229.000,238.000,246.000,256.000,263.000,271.000,271.000,278.000,285.000,296.000,302.583,315.510,324.464,330.543,341.063,376.170,400.969,403.436,404.766,402.753,405.315,418.491,449.606,488.417,513.702,532.495,544.268,539.309,541.983,547.159,553.120,569.273,587.073,596.993,600.624,601.345,604.918,608.846,615.205,619.500,627.963,633.714,642.337,648.414,659.286,666.946,675.302,680.300,687.455,698.895,713.982,722.349,730.810
Arizona,422.000,430.000,434.000,429.000,426.000,426.000,428.000,434.000,443.000,453.000,466.000,484.000,499.000,490.000,524.000,692.000,610.000,594.000,616.000,653.000,690.000,714.000,756.000,785.000,842.000,894.000,933.000,987.000,1053.000,1125.000,1193.000,1261.000,1321.000,1407.000,1471.000,1521.000,1556.000,1584.000,1614.000,1646.000,1682.000,1737.000,1775.399,1895.814,2008.291,2124.438,2223.196,2284.847,2346.157,2425.197,2515.316,2635.571,2737.774,2810.107,2889.861,2968.925,3067.135,3183.538,3308.262,3437.103,3535.183,3622.185,3679.056,3762.394,3867.333,3993.390,4147.561,4306.908,4432.308,4552.207,4667.277,4778.332,5160.586,5273.477,5396.255,5510.364,5652.404,5839.077,6029.141,6167.681,6280.362,6343.154,6407.342,6473.416,6556.344
Arkansas,1847.000,1852.000,1859.000,1848.000,1836.000,1854.000,1878.000,1890.000,1892.000,1903.000,1928.000,1948.000,1955.000,1969.000,1977.000,1843.000,1768.000,1762.000,1797.000,1836.000,1825.000,1844.000,1908.000,1901.000,1838.000,1780.000,1734.000,1725.000,1704.000,1733.000,1726.000,1756.000,1789.000,1806.000,1853.000,1875.000,1897.000,1894.000,1899.000,1901.000,1902.000,1913.000,1923.322,1972.312,2018.638,2059.256,2101.403,2159.526,2170.161,2209.010,2243.127,2271.333,2288.738,2293.201,2294.257,2305.761,2319.768,2327.046,2331.984,2342.355,2342.656,2346.358,2354.343,2370.666,2394.098,2423.743,2450.605,2480.121,2504.858,2524.007,2538.202,2551.373,2678.588,2691.571,2705.927,2724.816,2749.686,2781.097,2821.761,2848.650,2874.554,2896.843,2921.998,2941.038,2952.876
California,5344.000,5531.000,5711.000,5824.000,5894.000,5963.000,6060.000,6175.000,6341.000,6528.000,6656.000,6785.000,6950.000,7237.000,7735.000,8506.000,8945.000,9344.000,9559.000,9832.000,10064.000,10337.000,10677.000,11134.000,11635.000,12251.000,12746.000,13133.000,13713.000,14264.000,14880.000,15467.000,15870.000,16497.000,17072.000,17668.000,18151.000,18585.000,18858.000,19176.000,19394.000,19711.000,19971.069,20345.939,20585.469,20868.728,21173.865,21537.849,21935.909,22352.396,22835.958,23256.880,23800.800,24285.933,24820.009,25360.026,25844.393,26441.109,27102.237,27777.158,28464.249,29218.164,29950.111,30414.114,30875.920,31147.208,31317.179,31493.525,31780.829,32217.708,32682.794,33145.121,33987.977,34479.458,34871.843,35253.159,35574.576,35827.943,36021.202,36250.311,36604.337,36961.229,37319.550,37636.311,37944.551
Colorado,1014.000,1008.000,1040.000,1056.000,1066.000,1071.000,1075.000,1078.000,1090.000,1104.000,1112.000,1120.000,1130.000,1124.000,1113.000,1153.000,1137.000,1116.000,1203.000,1237.000,1263.000,1295.000,1325.000,1326.000,1365.000,1431.000,1493.000,1546.000,1625.000,1664.000,1667.000,1710.000,1769.000,1844.000,1899.000,1936.000,1970.000,1985.000,2007.000,2053.000,2120.000,2166.000,2209.596,2303.524,2404.619,2495.868,2541.406,2586.192,2632.306,2696.140,2766.748,2849.234,2908.803,2977.898,3061.564,3133.630,3169.992,3208.723,3237.450,3260.480,3262.281,3275.818,3303.862,3367.567,3459.995,3560.884,3653.910,3738.061,3812.716,3891.293,3968.967,4056.133,4326.921,4425.687,4490.406,4528.732,4575.013,4631.888,4720.423,4803.868,4889.730,4972.195,5047.539,5121.900,5193.660
Connecticut,1577.000,1594.000,1613.000,1628.000,1637.000,1642.000,1650.000,1666.000,1672.000,1678.000,1684.000,1696.000,1708.000,1746.000,1792.000,1792.000,1778.000,1769.000,1906.000,1967.000,2014.000,2032.000,2016.000,2028.000,2081.000,2168.000,2249.000,2300.000,2316.000,2359.000,2446.000,2523.000,2544.000,2586.000,2647.000,2727.000,2798.000,2857.000,2903.000,2935.000,2964.000,3000.000,3032.217,3060.938,3068.699,3067.814,3074.047,3082.500,3083.335,3085.722,3091.627,3095.917,3113.174,3128.836,3139.013,3162.354,3180.014,3201.131,3223.740,3247.291,3271.953,3283.403,3289.056,3288.640,3274.997,3272.325,3268.346,3265.293,3267.030,3268.514,3272.563,3282.031,3411.777,3432.835,3458.749,3484.336,3496.094,3506.956,3517.460,3527.270,3545.579,3561.807,3579.173,3588.632,3595.211
Delaware,233.000,236.000,239.000,242.000,245.000,248.000,250.000,252.000,253.000,254.000,257.000,263.000,269.000,275.000,279.000,282.000,285.000,286.000,299.000,305.000,312.000,316.000,321.000,331.000,341.000,351.000,368.000,389.000,408.000,426.000,433.000,441.000,449.000,461.000,469.000,483.000,497.000,507.000,516.000,525.000,534.000,540.000,548.104,564.708,572.913,577.759,581.418,586.589,590.166,591.829,594.776,594.984,594.919,595.975,599.148,605.458,611.565,618.280,627.559,636.947,647.622,658.273,669.063,680.495,690.158,699.475,708.416,718.265,727.090,735.024,744.066,753.538,786.373,795.699,806.169,818.003,830.803,845.150,859.268,871.749,883.874,891.730,899.647,907.590,915.518
District of Columbia,479.000,483.000,488.000,504.000,513.000,529.000,568.000,608.000,629.000,616.000,638.000,658.000,690.000,764.000,851.000,900.000,881.000,876.000,899.000,888.000,840.000,807.000,806.000,808.000,805.000,810.000,791.000,785.000,759.000,763.000,757.000,761.000,765.000,778.000,788.000,798.000,798.000,797.000,791.000,791.000,778.000,762.000,756.668,749.781,742.241,731.488,717.947,706.871,692.295,677.228,665.052,650.016,638.284,636.893,634.174,632.433,633.382,634.549,638.269,636.930,630.432,624.168,603.814,593.239,584.183,576.358,564.982,551.273,538.273,528.752,521.426,519.000,572.046,574.504,573.158,568.502,567.754,567.136,570.681,574.404,580.236,592.228,605.282,620.290,635.737
Florida,1433.000,1445.000,1471.000,1493.000,1521.000,1552.000,1585.000,1613.000,1651.000,1709.000,1771.000,1836.000,1915.000,2017.000,2151.000,2451.000,2420.000,2465.000,2440.000,2528.000,2578.000,2668.000,2810.000,2980.000,3157.000,3310.000,3505.000,3747.000,4047.000,4372.000,4630.000,4808.000,5004.000,5243.000,5458.000,5628.000,5781.000,5954.000,6104.000,6242.000,6433.000,6641.000,6791.418,7158.304,7511.463,7913.696,8298.762,8518.422,8667.379,8856.183,9102.032,9426.159,9839.835,10192.774,10471.407,10749.851,11039.925,11351.118,11667.505,11997.283,12306.395,12637.715,13018.365,13289.497,13504.775,13713.593,13961.798,14185.403,14426.911,14683.350,14908.230,15111.244,16047.515,16356.966,16689.370,17004.085,17415.318,17842.038,18166.990,18367.842,18527.305,18652.644,18846.143,19055.607,19302.016
Georgia,2903.000,2903.000,2910.000,2924.000,2935.000,2950.000,2964.000,2955.000,2978.000,3037.000,3091.000,3120.000,3119.000,3179.000,3209.000,3245.000,3176.000,3119.000,3242.000,3272.000,3259.000,3325.000,3458.000,3531.000,3584.000,3558.000,3602.000,3636.000,3701.000,3766.000,3804.000,3868.000,3956.000,4015.000,4086.000,4172.000,4258.000,4332.000,4379.000,4408.000,4482.000,4551.000,4587.930,4711.550,4809.490,4910.374,4999.419,5064.075,5132.812,5219.697,5295.751,5401.384,5486.174,5568.345,5649.792,5728.250,5834.954,5962.661,6084.666,6208.467,6316.142,6411.099,6506.531,6621.279,6759.474,6894.092,7045.900,7188.538,7332.225,7486.094,7636.522,7788.240,8227.303,8377.038,8508.256,8622.793,8769.252,8925.922,9155.813,9349.988,9504.843,9620.846,9712.209,9803.630,9903.580
Hawaii,,,,,,,,,,,,,,,,,,,,,,,498.000,514.000,517.000,510.000,505.000,539.000,559.000,584.000,605.000,622.000,642.000,659.000,684.000,682.000,700.000,704.000,710.000,723.000,734.000,750.000,769.913,801.644,828.331,851.595,867.978,886.160,904.191,918.259,931.584,953.306,967.710,978.195,993.780,1012.717,1027.922,1039.698,1051.762,1067.918,1079.828,1094.588,1112.703,1131.412,1149.926,1161.508,1173.903,1180.490,1184.434,1189.322,1190.472,1185.497,1213.519,1225.948,1239.613,1251.154,1273.569,1292.729,1309.731,1315.675,1332.213,1346.717,1364.004,1379.562,1395.199
Idaho,449.000,447.000,447.000,454.000,459.000,464.000,473.000,481.000,495.000,507.000,513.000,521.000,522.000,501.000,478.000,500.000,529.000,507.000,509.000,522.000,551.000,570.000,590.000,589.000,587.000,596.000,600.000,618.000,628.000,642.000,646.000,657.000,671.000,684.000,692.000,683.000,680.000,686.000,689.000,688.000,695.000,707.000,713.015,738.753,763.237,782.074,807.990,831.982,856.983,883.469,910.690,932.627,947.983,962.204,973.721,981.869,990.839,994.051,990.224,984.997,985.664,994.416,1011.882,1038.915,1066.490,1101.204,1135.459,1165.000,1187.706,1210.638,1230.923,1251.700,1299.430,1319.962,1340.372,1363.380,1391.802,1428.241,1468.669,1505.105,1534.320,1554.439,1570.819,1584.272,1595.910
Illinois,7576.000,7606.000,7644.000,7687.000,7736.000,7768.000,7772.000,7797.000,7840.000,7857.000,7866.000,7890.000,7905.000,7995.000,8057.000,7761.000,7719.000,7601.000,8155.000,8341.000,8552.000,8670.000,8738.000,8790.000,8956.000,9065.000,9252.000,9435.000,9530.000,9668.000,9886.000,9986.000,10086.000,10130.000,10280.000,10402.000,10580.000,10693.000,10836.000,10947.000,10995.000,11039.000,11110.285,11202.397,11251.948,11251.367,11262.145,11291.743,11342.853,11386.316,11412.561,11396.837,11434.702,11443.458,11423.412,11408.818,11412.132,11399.806,11387.257,11391.178,11390.183,11409.782,11446.979,11535.973,11635.197,11725.984,11804.986,11884.935,11953.003,12011.509,12069.774,12128.370,12434.161,12488.445,12525.556,12556.006,12589.773,12609.903,12643.955,12695.866,12747.038,12796.778,12840.545,12867.783,12883.029
Indiana,3212.000,3226.000,3242.000,3257.000,3281.000,3304.000,3319.000,3332.000,3348.000,3374.000,3386.000,3403.000,3433.000,3483.000,3507.000,3449.000,3440.000,3427.000,3702.000,3779.000,3877.000,3958.000,3967.000,4096.000,4148.000,4182.000,4264.000,4363.000,4458.000,4529.000,4583.000,4613.000,4674.000,4730.000,4736.000,4799.000,4856.000,4922.000,4999.000,5053.000,5093.000,5143.000,5195.392,5253.396,5302.435,5338.277,5361.890,5365.766,5389.088,5425.638,5470.214,5501.174,5490.721,5480.435,5467.922,5450.395,5458.322,5459.211,5454.108,5473.012,5491.735,5523.693,5555.097,5602.062,5648.649,5701.965,5745.626,5791.819,5834.908,5872.370,5907.617,5942.901,6091.866,6127.760,6155.967,6196.638,6233.007,6278.616,6332.669,6379.599,6424.806,6459.325,6490.555,6517.250,6538.989
Iowa,2450.000,2460.000,2475.000,2482.000,2489.000,2495.000,2510.000,2524.000,2509.000,2498.000,2494.000,2520.000,2537.000,2491.000,2439.000,2334.000,2301.000,2308.000,2467.000,2509.000,2543.000,2578.000,2625.000,2617.000,2626.000,2629.000,2626.000,2679.000,2703.000,2716.000,2708.000,2729.000,2756.000,2756.000,2750.000,2747.000,2746.000,2742.000,2762.000,2793.000,2803.000,2805.000,2825.368,2851.705,2860.287,2863.715,2867.530,2880.847,2903.082,2913.573,2918.069,2915.739,2914.018,2907.983,2888.189,2870.543,2858.618,2829.684,2791.970,2767.011,2768.388,2770.592,2779.769,2791.227,2806.923,2820.525,2829.422,2840.860,2848.473,2854.396,2861.025,2869.413,2929.067,2931.997,2934.234,2941.999,2953.635,2964.454,2982.644,2999.212,3016.734,3032.870,3050.819,3066.772,3076.844
Kansas,1850.000,1867.000,1883.000,1881.000,1883.000,1877.000,1868.000,1872.000,1869.000,1856.000,1842.000,1824.000,1788.000,1765.000,1760.000,1796.000,1779.000,1731.000,1805.000,1853.000,1892.000,1925.000,1916.000,1950.000,1977.000,1994.000,2042.000,2093.000,2119.000,2128.000,2142.000,2160.000,2183.000,2215.000,2231.000,2217.000,2209.000,2206.000,2200.000,2197.000,2216.000,2236.000,2249.071,2246.600,2256.375,2265.603,2269.499,2280.578,2301.001,2320.647,2335.657,2350.906,2369.039,2384.849,2401.202,2415.531,2424.086,2427.405,2432.619,2445.367,2461.996,2472.849,2480.683,2495.209,2526.042,2547.605,2569.118,2586.942,2598.266,2616.339,2638.667,2654.052,2693.681,2702.162,2713.535,2723.004,2734.373,2745.299,2762.931,2783.785,2808.076,2832.704,2858.266,2869.677,2886.024
Kentucky,2567.000,2606.000,2623.000,2652.000,2676.000,2698.000,2722.000,2748.000,2768.000,2784.000,2800.000,2825.000,2859.000,2824.000,2797.000,2693.000,2631.000,2597.000,2761.000,2803.000,2817.000,2849.000,2936.000,2941.000,2920.000,2903.000,2902.000,2910.000,2898.000,2928.000,2961.000,2999.000,3041.000,3054.000,3079.000,3096.000,3129.000,3140.000,3147.000,3172.000,3195.000,3198.000,3220.711,3298.053,3335.728,3371.024,3416.315,3467.769,3529.257,3573.693,3609.976,3641.804,3664.221,3670.394,3683.445,3694.484,3695.453,3694.826,3687.809,3683.329,3679.999,3677.306,3692.584,3714.686,3756.358,3792.288,3823.215,3855.248,3881.051,3907.816,3934.310,3960.825,4049.021,4068.132,4089.875,4117.170,4146.101,4182.742,4219.239,4256.672,4289.878,4317.074,4348.464,4370.817,4387.865
Louisiana,2064.000,2086.000,2105.000,2124.000,2155.000,2178.000,2202.000,2228.000,2246.000,2257.000,2285.000,2334.000,2370.000,2484.000,2546.000,2565.000,2508.000,2429.000,2556.000,2579.000,2596.000,2634.000,2697.000,2769.000,2842.000,2866.000,2883.000,2946.000,3032.000,3115.000,3155.000,3208.000,3260.000,3287.000,3345.000,3377.000,3446.000,3496.000,3550.000,3581.000,3603.000,3619.000,3644.637,3710.487,3761.646,3788.375,3820.109,3886.104,3950.605,4014.459,4068.579,4137.665,4223.101,4283.303,4352.608,4395.316,4400.477,4408.118,4406.919,4344.148,4288.863,4252.894,4219.179,4240.950,4270.849,4284.749,4306.500,4327.978,4338.763,4351.390,4362.758,4372.035,4471.885,4477.875,4497.267,4521.042,4552.238,4576.628,4302.665,4375.581,4435.586,4491.648,4544.635,4576.244,4602.067
Maine,797.000,797.000,800.000,807.000,815.000,821.000,829.000,836.000,840.000,842.000,843.000,846.000,849.000,852.000,839.000,806.000,801.000,800.000,832.000,854.000,878.000,903.000,917.000,916.000,915.000,913.000,927.000,934.000,938.000,943.000,944.000,957.000,975.000,995.000,994.000,993.000,993.000,997.000,999.000,1004.000,994.000,992.000,993.722,1015.390,1034.292,1045.655,1059.040,1071.995,1088.412,1103.578,1113.566,1122.563,1126.860,1133.033,1136.684,1144.772,1155.635,1162.936,1170.126,1184.574,1203.840,1219.961,1231.296,1235.439,1235.748,1238.256,1237.687,1237.438,1241.436,1245.215,1247.554,1253.040,1277.072,1285.692,1295.960,1306.513,1313.688,1318.787,1323.619,1327.040,1330.509,1329.590,1327.651,1328.473,1328.094
Maryland,1610.000,1621.000,1636.000,1657.000,1678.000,1694.000,1710.000,1729.000,1745.000,1754.000,1766.000,1793.000,1839.000,1913.000,1998.000,2089.000,2118.000,2096.000,2214.000,2248.000,2271.000,2329.000,2355.000,2441.000,2500.000,2567.000,2685.000,2742.000,2811.000,2873.000,2982.000,3066.000,3113.000,3176.000,3263.000,3386.000,3492.000,3600.000,3695.000,3757.000,3815.000,3868.000,3923.897,4018.324,4073.499,4097.974,4118.815,4139.096,4150.539,4169.595,4183.603,4191.160,4227.643,4261.905,4282.923,4313.327,4365.243,4413.071,4486.957,4565.557,4657.904,4727.301,4797.431,4856.176,4902.545,4942.504,4985.411,5023.650,5057.142,5092.914,5130.072,5171.634,5311.034,5374.691,5440.389,5496.269,5546.935,5592.379,5627.367,5653.408,5684.965,5730.388,5788.784,5840.241,5888.375
Massachusetts,4217.000,4229.000,4250.000,4248.000,4259.000,4282.000,4305.000,4343.000,4355.000,4358.000,4365.000,4347.000,4318.000,4389.000,4370.000,4257.000,4192.000,4201.000,4494.000,4580.000,4674.000,4741.000,4686.000,4654.000,4650.000,4806.000,4910.000,4882.000,4891.000,4929.000,5010.000,5117.000,5160.000,5219.000,5263.000,5344.000,5448.000,5502.000,5535.000,5594.000,5618.000,5650.000,5689.170,5737.580,5760.302,5781.172,5773.548,5757.756,5743.672,5738.199,5736.469,5738.404,5746.075,5768.685,5771.222,5799.407,5840.773,5880.733,5902.678,5935.204,5979.982,6015.478,6018.664,5998.652,5993.474,6010.884,6031.352,6062.335,6085.393,6115.476,6144.407,6175.169,6361.104,6397.634,6417.206,6422.565,6412.281,6403.290,6410.084,6431.559,6468.967,6517.613,6566.440,6614.218,6664.269
Michigan,4665.000,4795.000,4834.000,4798.000,4780.000,4780.000,4798.000,4838.000,4889.000,4968.000,5056.000,5156.000,5315.000,5472.000,5549.000,5405.000,5467.000,5475.000,5874.000,6076.000,6213.000,6332.000,6407.000,6497.000,6650.000,6822.000,7066.000,7285.000,7467.000,7569.000,7667.000,7767.000,7834.000,7893.000,7933.000,8058.000,8187.000,8357.000,8512.000,8630.000,8696.000,8781.000,8881.826,8974.186,9028.944,9077.956,9117.507,9117.668,9129.205,9171.110,9217.761,9266.268,9255.553,9209.287,9115.198,9047.754,9049.452,9076.293,9127.775,9187.481,9217.998,9253.295,9310.462,9395.022,9470.323,9529.240,9584.481,9659.871,9739.184,9785.450,9820.231,9863.775,9952.450,9991.120,10015.710,10041.152,10055.315,10051.137,10036.081,10001.284,9946.889,9901.591,9877.597,9883.053,9898.289
Minnesota,2592.000,2572.000,2576.000,2614.000,2646.000,2673.000,2695.000,2717.000,2734.000,2746.000,2753.000,2771.000,2790.000,2718.000,2662.000,2577.000,2526.000,2537.000,2734.000,2796.000,2868.000,2935.000,2997.000,3010.000,3030.000,3050.000,3113.000,3172.000,3240.000,3274.000,3313.000,3366.000,3425.000,3470.000,3513.000,3531.000,3558.000,3592.000,3617.000,3659.000,3703.000,3758.000,3806.103,3853.486,3869.747,3889.332,3903.925,3932.515,3964.680,3989.364,4015.341,4050.316,4085.017,4111.728,4131.450,4141.456,4157.706,4184.302,4205.212,4235.136,4296.166,4338.057,4387.283,4427.429,4471.503,4521.709,4566.028,4605.445,4647.723,4687.726,4726.411,4775.508,4933.692,4982.796,5018.935,5053.572,5087.713,5119.598,5163.555,5207.203,5247.018,5281.203,5310.934,5346.620,5377.500
Mississippi,1981.000,1998.000,2006.000,1994.000,2004.000,2031.000,2050.000,2061.000,2072.000,2086.000,2127.000,2168.000,2176.000,2184.000,2210.000,2280.000,2167.000,2090.000,2064.000,2107.000,2076.000,2085.000,2176.000,2163.000,2152.000,2105.000,2064.000,2060.000,2086.000,2088.000,2086.000,2138.000,2182.000,2206.000,2243.000,2244.000,2241.000,2246.000,2245.000,2228.000,2219.000,2220.000,2216.994,2265.432,2307.117,2349.546,2378.268,2399.449,2429.756,2459.201,2487.816,2507.069,2525.342,2539.036,2556.777,2567.717,2578.051,2588.102,2593.597,2588.545,2580.352,2574.269,2577.426,2591.230,2610.193,2635.574,2663.450,2690.788,2709.925,2731.826,2751.335,2768.619,2848.353,2852.994,2858.681,2868.312,2889.010,2905.943,2904.978,2928.350,2947.806,2958.774,2970.615,2979.147,2984.599
Missouri,3601.000,3622.000,3646.000,3711.000,3746.000,3773.000,3784.000,3798.000,3801.000,3794.000,3781.000,3783.000,3786.000,3811.000,3829.000,3705.000,3560.000,3516.000,3746.000,3845.000,3844.000,3882.000,3964.000,4015.000,3972.000,4020.000,4066.000,4134.000,4163.000,4189.000,4186.000,4258.000,4326.000,4349.000,4357.000,4392.000,4442.000,4467.000,4523.000,4539.000,4568.000,4640.000,4677.623,4725.764,4758.780,4782.645,4795.930,4808.308,4839.029,4863.173,4889.399,4912.430,4921.966,4932.064,4929.451,4943.733,4975.278,5000.268,5023.068,5056.696,5081.736,5095.830,5126.370,5157.770,5193.686,5237.757,5281.206,5324.610,5367.888,5407.113,5437.562,5468.338,5607.285,5641.142,5674.825,5709.403,5747.741,5790.300,5842.704,5887.612,5923.916,5961.088,5996.089,6011.182,6026.027
Montana,541.000,524.000,539.000,540.000,540.000,541.000,545.000,550.000,554.000,554.000,552.000,555.000,558.000,543.000,518.000,485.000,469.000,477.000,514.000,531.000,542.000,569.000,593.000,596.000,602.000,616.000,624.000,636.000,656.000,667.000,666.000,669.000,679.000,696.000,698.000,703.000,706.000,706.000,707.000,701.000,700.000,694.000,694.409,710.814,718.732,726.798,736.419,748.208,757.317,769.953,782.317,787.305,788.752,795.328,803.986,814.031,820.905,822.320,813.739,805.063,800.202,799.636,799.824,807.837,822.436,839.876,854.923,868.522,876.656,878.706,879.533,882.779,903.773,906.961,911.667,919.630,930.009,940.102,952.692,964.706,976.415,983.982,990.730,997.518,1004.168
Nebraska,1371.000,1375.000,1380.000,1384.000,1386.000,1385.000,1382.000,1375.000,1358.000,1339.000,1326.000,1318.000,1316.000,1272.000,1239.000,1241.000,1216.000,1211.000,1256.000,1265.000,1265.000,1302.000,1327.000,1316.000,1311.000,1318.000,1340.000,1374.000,1397.000,1394.000,1383.000,1397.000,1417.000,1446.000,1464.000,1476.000,1482.000,1471.000,1456.000,1457.000,1467.000,1474.000,1485.333,1504.604,1519.013,1529.567,1539.191,1543.117,1550.911,1556.842,1563.884,1567.344,1572.296,1578.515,1581.780,1584.293,1588.639,1584.664,1574.333,1566.547,1571.477,1574.864,1580.664,1590.805,1602.406,1612.149,1621.551,1635.142,1647.657,1656.042,1660.772,1666.028,1713.820,1719.836,1728.292,1738.643,1749.370,1761.497,1772.693,1783.440,1796.378,1812.683,1829.591,1840.914,1853.691
Nevada,89.000,90.000,92.000,94.000,96.000,96.000,98.000,100.000,101.000,103.000,105.000,107.000,113.000,120.000,137.000,151.000,153.000,149.000,143.000,149.000,156.000,157.000,162.000,168.000,181.000,195.000,213.000,237.000,250.000,260.000,269.000,279.000,291.000,315.000,352.000,397.000,426.000,444.000,446.000,449.000,464.000,480.000,488.738,520.018,546.789,568.991,596.822,619.972,646.975,678.333,719.436,765.367,810.215,847.655,881.537,901.977,924.922,951.030,980.613,1023.376,1075.022,1137.382,1218.629,1285.046,1330.694,1380.197,1456.388,1525.777,1596.476,1675.581,1743.772,1809.253,2018.741,2098.399,2173.791,2248.850,2346.222,2432.143,2522.658,2601.072,2653.630,2684.665,2702.483,2713.114,2744.670
New Hampshire,468.000,467.000,466.000,470.000,474.000,477.000,480.000,481.000,481.000,481.000,485.000,490.000,492.000,490.000,481.000,462.000,456.000,459.000,494.000,507.000,520.000,533.000,532.000,529.000,535.000,547.000,554.000,557.000,566.000,572.000,581.000,596.000,609.000,618.000,632.000,649.000,663.000,676.000,681.000,697.000,709.000,724.000,737.681,761.851,781.107,800.951,815.914,828.555,845.248,869.763,891.520,909.074,924.250,936.621,947.719,958.134,976.864,996.753,1025.053,1054.289,1082.577,1104.522,1111.831,1107.055,1112.766,1122.191,1133.054,1145.604,1160.768,1173.239,1185.823,1201.134,1239.882,1255.517,1269.089,1279.840,1290.121,1298.492,1308.389,1312.540,1315.906,1316.102,1316.807,1320.444,1324.677
New Jersey,3968.000,3989.000,4068.000,4120.000,4120.000,4107.000,4089.000,4085.000,4084.000,4088.000,4100.000,4129.000,4175.000,4254.000,4297.000,4226.000,4158.000,4108.000,4492.000,4618.000,4774.000,4889.000,4872.000,5006.000,5125.000,5229.000,5360.000,5502.000,5615.000,5737.000,5890.000,6015.000,6103.000,6265.000,6376.000,6531.000,6660.000,6767.000,6851.000,6928.000,7005.000,7095.000,7171.112,7281.107,7335.042,7333.083,7332.411,7337.765,7339.745,7337.169,7350.804,7366.512,7376.330,7407.472,7430.968,7467.785,7515.473,7565.528,7622.159,7670.742,7712.333,7726.089,7757.158,7784.269,7827.770,7874.891,7918.796,7965.523,8009.624,8054.178,8095.542,8143.412,8430.621,8492.671,8552.643,8601.402,8634.561,8651.974,8661.679,8677.885,8711.090,8755.602,8799.451,8828.552,8845.671
New Mexico,416.000,420.000,427.000,436.000,441.000,449.000,461.000,475.000,489.000,503.000,513.000,523.000,531.000,506.000,502.000,534.000,527.000,537.000,561.000,582.000,604.000,644.000,689.000,717.000,735.000,756.000,763.000,785.000,806.000,847.000,886.000,919.000,954.000,965.000,979.000,989.000,1006.000,1012.000,1007.000,1000.000,994.000,1011.000,1017.055,1053.737,1078.697,1105.529,1131.309,1159.944,1189.295,1215.720,1238.034,1284.722,1309.400,1332.748,1363.823,1394.361,1416.717,1438.361,1462.729,1478.520,1490.337,1503.901,1519.933,1547.115,1580.750,1614.937,1653.329,1682.417,1706.151,1722.939,1733.535,1739.844,1821.204,1831.690,1855.309,1877.574,1903.808,1932.274,1962.137,1990.070,2010.662,2036.802,2064.614,2080.707,2087.715
New York,11599.000,12171.000,12647.000,12848.000,13001.000,13126.000,13253.000,13375.000,13481.000,13511.000,13512.000,13523.000,13456.000,13267.000,13002.000,12807.000,12628.000,12495.000,13398.000,13982.000,14497.000,14892.000,14865.000,14890.000,15192.000,15527.000,15814.000,15966.000,16112.000,16374.000,16601.000,16685.000,16838.000,17061.000,17301.000,17461.000,17589.000,17734.000,17843.000,17935.000,18051.000,18105.000,18241.391,18357.982,18339.400,18177.063,18049.775,18003.485,17940.541,17812.602,17680.589,17583.838,17566.754,17567.734,17589.738,17686.905,17745.684,17791.672,17833.419,17868.848,17941.309,17983.086,18002.855,18029.532,18082.032,18140.894,18156.652,18150.928,18143.805,18143.184,18159.175,18196.601,19001.780,19082.838,19137.800,19175.939,19171.567,19132.610,19104.631,19132.335,19212.436,19307.066,19399.956,19499.921,19574.362
North Carolina,3082.000,3133.000,3167.000,3184.000,3227.000,3268.000,3304.000,3323.000,3346.000,3385.000,3440.000,3514.000,3574.000,3589.000,3569.000,3654.000,3560.000,3533.000,3706.000,3769.000,3837.000,3911.000,4068.000,4120.000,4109.000,4120.000,4131.000,4242.000,4309.000,4368.000,4376.000,4458.000,4573.000,4663.000,4707.000,4742.000,4802.000,4863.000,4896.000,4952.000,5004.000,5031.000,5084.411,5203.531,5301.150,5389.852,5470.911,5547.188,5607.964,5685.607,5759.492,5823.491,5898.980,5956.653,6019.101,6077.056,6164.006,6253.954,6321.578,6403.700,6480.594,6565.459,6656.987,6748.135,6831.850,6947.412,7060.959,7185.403,7307.658,7428.672,7545.828,7650.789,8081.614,8210.122,8326.201,8422.501,8553.152,8705.407,8917.270,9118.037,9309.449,9449.566,9574.586,9658.913,9751.810
North Dakota,665.000,674.000,682.000,680.000,676.000,674.000,672.000,670.000,664.000,655.000,647.000,644.000,640.000,615.000,583.000,546.000,534.000,546.000,570.000,578.000,580.000,597.000,619.000,604.000,608.000,609.000,611.000,615.000,613.000,612.000,606.000,618.000,634.000,641.000,637.000,644.000,649.000,649.000,647.000,626.000,621.000,621.000,617.792,626.760,631.119,632.675,634.559,638.886,645.797,649.769,651.301,652.896,654.380,659.505,668.972,676.688,680.497,676.980,669.512,661.136,655.331,646.351,637.364,634.199,635.427,637.229,639.762,641.548,642.858,640.945,637.808,633.666,642.023,639.062,638.168,638.817,644.705,646.089,649.422,652.822,657.569,664.968,674.752,685.526,702.227
Ohio,6608.000,6626.000,6662.000,6694.000,6717.000,6740.000,6751.000,6787.000,6801.000,6809.000,6837.000,6886.000,6929.000,6958.000,6969.000,6868.000,6918.000,6916.000,7512.000,7705.000,7876.000,7973.000,7980.000,8061.000,8275.000,8591.000,8873.000,9017.000,9207.000,9410.000,9599.000,9671.000,9734.000,9854.000,9929.000,9986.000,10080.000,10201.000,10330.000,10414.000,10516.000,10563.000,10657.423,10734.818,10746.993,10767.314,10765.759,10770.425,10752.662,10771.394,10795.581,10798.298,10800.650,10788.330,10757.087,10737.632,10737.746,10734.926,10730.268,10760.090,10798.552,10829.217,10861.837,10933.683,11007.609,11070.385,11111.451,11155.493,11187.032,11212.498,11237.752,11256.654,11363.543,11387.404,11407.889,11434.788,11452.251,11463.320,11481.213,11500.468,11515.391,11528.896,11539.449,11545.735,11550.971
Oklahoma,2344.000,2372.000,2401.000,2403.000,2394.000,2392.000,2391.000,2386.000,2365.000,2334.000,2324.000,2333.000,2325.000,2262.000,2215.000,2205.000,2043.000,2028.000,2128.000,2133.000,2089.000,2105.000,2229.000,2210.000,2219.000,2182.000,2209.000,2250.000,2273.000,2282.000,2267.000,2289.000,2336.000,2380.000,2427.000,2439.000,2446.000,2440.000,2454.000,2489.000,2503.000,2535.000,2559.463,2618.601,2658.646,2695.931,2734.768,2774.683,2826.815,2870.014,2917.336,2975.310,3040.758,3096.164,3206.123,3290.402,3285.533,3271.332,3252.735,3210.122,3167.057,3150.307,3147.105,3166.471,3204.174,3228.829,3246.119,3265.547,3289.634,3314.259,3339.478,3358.044,3454.365,3467.100,3489.080,3504.892,3525.233,3548.597,3594.090,3634.349,3668.976,3717.572,3760.014,3788.824,3819.320
Oregon,936.000,947.000,956.000,966.000,972.000,978.000,985.000,1001.000,1025.000,1048.000,1067.000,1081.000,1086.000,1071.000,1107.000,1221.000,1233.000,1250.000,1338.000,1361.000,1405.000,1431.000,1532.000,1556.000,1582.000,1601.000,1626.000,1659.000,1698.000,1712.000,1718.000,1746.000,1772.000,1787.000,1818.000,1853.000,1888.000,1937.000,1969.000,1979.000,2004.000,2062.000,2091.533,2151.022,2197.297,2241.932,2285.013,2329.661,2378.262,2446.673,2518.298,2588.012,2641.218,2667.982,2664.922,2653.066,2666.588,2672.652,2683.528,2700.991,2741.297,2790.575,2858.547,2918.745,2973.934,3034.490,3087.142,3141.421,3195.087,3243.254,3282.055,3316.154,3429.708,3467.937,3513.424,3547.376,3569.463,3613.202,3670.883,3722.417,3768.748,3808.600,3837.614,3872.672,3900.102
Pennsylvania,9802.000,9723.000,9649.000,9707.000,9764.000,9784.000,9795.000,9774.000,9767.000,9790.000,9952.000,9901.000,9896.000,9911.000,9704.000,9444.000,9214.000,9143.000,9866.000,10196.000,10287.000,10390.000,10507.000,10461.000,10503.000,10662.000,10817.000,10939.000,10972.000,10954.000,11058.000,11234.000,11329.000,11392.000,11355.000,11424.000,11519.000,11620.000,11664.000,11681.000,11741.000,11741.000,11800.766,11886.400,11908.233,11890.527,11870.884,11906.095,11897.378,11893.591,11879.396,11887.975,11868.305,11858.567,11845.146,11837.723,11815.172,11770.862,11782.752,11810.866,11845.752,11865.996,11895.604,11943.160,11980.819,12022.128,12042.545,12044.780,12038.008,12015.888,12002.329,11994.016,12284.173,12298.970,12331.031,12374.658,12410.722,12449.990,12510.809,12563.937,12612.285,12666.858,12711.406,12747.052,12769.123
Rhode Island,678.000,684.000,686.000,681.000,677.000,675.000,675.000,678.000,686.000,694.000,694.000,701.000,719.000,731.000,748.000,760.000,795.000,776.000,770.000,776.000,787.000,801.000,786.000,784.000,802.000,815.000,816.000,823.000,840.000,851.000,858.000,857.000,855.000,858.000,871.000,876.000,885.000,893.000,899.000,909.000,922.000,932.000,949.723,963.107,974.790,975.738,950.615,942.788,946.089,950.230,951.816,950.382,948.773,953.013,954.170,956.382,961.894,968.955,977.341,989.604,996.408,1000.666,1004.649,1003.990,1000.571,997.852,993.412,989.203,987.858,986.966,987.704,990.819,1050.268,1057.142,1065.995,1071.342,1074.579,1067.916,1063.096,1057.315,1055.003,1053.646,1053.994,1053.829,1054.893
South Carolina,1739.000,1739.000,1745.000,1753.000,1748.000,1752.000,1760.000,1769.000,1781.000,1802.000,1834.000,1872.000,1902.000,1962.000,2007.000,1967.000,1943.000,1934.000,1936.000,1992.000,1996.000,2029.000,2113.000,2167.000,2178.000,2181.000,2176.000,2200.000,2229.000,2274.000,2304.000,2348.000,2392.000,2409.000,2423.000,2460.000,2475.000,2494.000,2520.000,2533.000,2559.000,2570.000,2590.713,2662.269,2719.197,2776.605,2844.749,2902.028,2943.657,2991.681,3044.364,3090.267,3134.502,3179.255,3207.614,3234.066,3271.868,3303.209,3342.758,3380.506,3412.096,3456.775,3499.064,3559.470,3600.576,3634.507,3666.456,3699.943,3738.974,3790.066,3839.578,3885.736,4024.223,4064.995,4107.795,4150.297,4210.921,4270.150,4357.847,4444.110,4528.996,4589.872,4635.846,4672.655,4719.027
South Dakota,685.000,690.000,693.000,694.000,692.000,690.000,682.000,674.000,666.000,656.000,649.000,645.000,641.000,613.000,589.000,587.000,565.000,579.000,588.000,601.000,612.000,631.000,655.000,655.000,651.000,648.000,655.000,663.000,670.000,666.000,656.000,667.000,683.000,693.000,705.000,708.000,701.000,692.000,683.000,671.000,669.000,668.000,666.257,671.297,677.234,678.715,679.585,681.042,686.390,688.480,688.580,688.335,690.851,689.584,690.597,693.008,697.249,698.402,696.034,696.036,698.165,696.701,696.667,701.445,708.698,716.258,723.038,728.251,730.699,730.855,730.789,733.133,755.844,757.972,760.020,763.729,770.396,775.493,783.033,791.623,799.124,807.067,816.193,823.740,833.859
Tennessee,2624.000,2604.000,2619.000,2657.000,2711.000,2747.000,2784.000,2798.000,2791.000,2795.000,2821.000,2874.000,2935.000,2973.000,2939.000,2972.000,2868.000,2878.000,3074.000,3166.000,3216.000,3236.000,3315.000,3372.000,3352.000,3319.000,3359.000,3415.000,3415.000,3434.000,3471.000,3522.000,3575.000,3622.000,3673.000,3718.000,3771.000,3798.000,3822.000,3859.000,3878.000,3897.000,3926.018,4013.608,4094.611,4147.401,4213.509,4275.566,4346.928,4422.921,4486.314,4560.473,4600.252,4627.658,4646.041,4659.749,4686.737,4715.296,4738.708,4782.927,4822.437,4854.444,4890.626,4946.886,5013.999,5085.666,5163.016,5241.168,5313.576,5378.433,5432.679,5483.535,5703.719,5750.789,5795.918,5847.812,5910.809,5991.057,6088.766,6175.727,6247.411,6306.019,6355.518,6400.298,6455.752
Texas,5675.000,5762.000,5844.000,5907.000,5961.000,6014.000,6053.000,6123.000,6192.000,6250.000,6301.000,6360.000,6425.000,6585.000,6711.000,7012.000,6876.000,6826.000,7197.000,7388.000,7626.000,7623.000,7776.000,8111.000,8314.000,8336.000,8382.000,8660.000,8830.000,9070.000,9252.000,9405.000,9624.000,9820.000,10053.000,10159.000,10270.000,10378.000,10492.000,10599.000,10819.000,11045.000,11198.655,11509.848,11759.148,12019.543,12268.629,12568.843,12904.089,13193.050,13500.429,13888.371,14338.208,14746.318,15331.415,15751.676,16007.086,16272.734,16561.113,16621.791,16667.022,16806.735,17044.714,17339.904,17650.479,17996.764,18338.319,18679.706,19006.240,19355.427,19712.389,20044.141,20944.499,21319.622,21690.325,22030.931,22394.023,22778.123,23359.580,23831.983,24309.039,24801.761,25241.897,25645.504,26084.120
Utah,504.000,508.000,509.000,513.000,517.000,520.000,522.000,526.000,527.000,529.000,535.000,543.000,552.000,551.000,575.000,631.000,605.000,591.000,638.000,636.000,653.000,671.000,696.000,706.000,724.000,739.000,750.000,783.000,809.000,826.000,845.000,870.000,900.000,936.000,958.000,974.000,978.000,994.000,1009.000,1019.000,1029.000,1047.000,1059.273,1101.192,1135.449,1170.040,1200.471,1236.030,1274.928,1319.512,1367.510,1420.238,1472.595,1515.471,1558.314,1594.943,1622.342,1642.910,1662.834,1678.119,1689.372,1705.864,1729.722,1771.941,1821.498,1875.993,1930.436,1976.774,2022.253,2065.397,2100.562,2129.836,2244.502,2283.715,2324.815,2360.137,2401.580,2457.719,2525.507,2597.746,2663.029,2723.421,2775.413,2814.797,2854.146
Vermont,358.000,359.000,360.000,359.000,358.000,357.000,357.000,357.000,357.000,356.000,356.000,358.000,363.000,348.000,343.000,327.000,314.000,315.000,342.000,354.000,359.000,369.000,379.000,378.000,375.000,379.000,377.000,375.000,377.000,376.000,380.000,387.000,389.000,390.000,393.000,397.000,399.000,404.000,413.000,423.000,430.000,437.000,444.732,454.318,463.143,468.430,473.002,479.713,484.928,491.931,498.109,505.372,512.524,515.594,519.109,523.302,526.660,530.035,534.066,540.267,549.763,557.707,564.526,567.141,570.115,574.004,578.900,582.827,586.352,588.665,590.579,593.740,609.618,612.223,615.442,617.858,619.920,621.215,622.892,623.481,624.151,624.817,625.886,627.197,626.361
Virginia,2435.000,2425.000,2427.000,2445.000,2452.000,2460.000,2485.000,2520.000,2552.000,2590.000,2638.000,2670.000,2720.000,2855.000,3038.000,3130.000,3248.000,3193.000,3212.000,3201.000,3207.000,3292.000,3315.000,3434.000,3504.000,3557.000,3555.000,3588.000,3722.000,3844.000,3914.000,3951.000,3986.000,4095.000,4180.000,4276.000,4357.000,4411.000,4456.000,4508.000,4558.000,4614.000,4651.448,4750.838,4824.472,4901.292,4971.069,5047.395,5121.863,5193.112,5270.240,5307.945,5368.334,5444.097,5492.783,5564.657,5643.870,5715.153,5811.700,5932.268,6036.909,6120.246,6213.526,6283.853,6383.315,6464.795,6536.771,6601.392,6665.491,6732.878,6789.225,6872.912,7105.817,7198.362,7286.873,7366.977,7475.575,7577.105,7673.725,7751.000,7833.496,7925.937,8024.004,8102.437,8187.456
Washington,1551.000,1555.000,1568.000,1581.000,1584.000,1592.000,1610.000,1629.000,1653.000,1681.000,1698.000,1715.000,1740.000,1789.000,1901.000,2027.000,2092.000,2206.000,2288.000,2211.000,2255.000,2294.000,2387.000,2424.000,2448.000,2466.000,2516.000,2604.000,2668.000,2724.000,2773.000,2821.000,2855.000,2882.000,2942.000,2955.000,2961.000,2967.000,3057.000,3174.000,3270.000,3343.000,3413.244,3447.553,3447.885,3478.782,3549.946,3621.339,3693.610,3776.050,3889.073,4017.632,4154.678,4235.731,4276.552,4300.266,4343.656,4400.098,4452.720,4531.901,4639.893,4746.316,4900.780,5013.443,5139.011,5247.704,5334.896,5431.024,5509.963,5604.105,5687.832,5756.361,5910.512,5985.722,6052.349,6104.115,6178.645,6257.305,6370.753,6461.587,6562.231,6667.426,6743.009,6827.479,6898.599
West Virginia,1696.000,1717.000,1733.000,1740.000,1747.000,1752.000,1771.000,1794.000,1808.000,1813.000,1828.000,1868.000,1907.000,1885.000,1831.000,1741.000,1706.000,1708.000,1826.000,1883.000,1899.000,1930.000,2006.000,1984.000,1957.000,1929.000,1905.000,1880.000,1857.000,1843.000,1845.000,1855.000,1853.000,1828.000,1809.000,1796.000,1797.000,1786.000,1775.000,1769.000,1763.000,1746.000,1744.237,1770.657,1797.648,1806.360,1815.447,1842.250,1879.503,1908.088,1923.395,1942.146,1951.349,1954.124,1949.604,1945.061,1927.697,1906.831,1882.350,1857.585,1830.215,1806.568,1792.481,1798.212,1805.462,1816.179,1818.490,1820.560,1818.983,1815.588,1811.688,1806.928,1807.021,1801.481,1805.414,1812.295,1816.438,1820.492,1827.912,1834.052,1840.310,1847.775,1854.265,1856.606,1857.446
Wisconsin,2923.000,2934.000,2950.000,2990.000,3021.000,3040.000,3054.000,3070.000,3082.000,3088.000,3098.000,3121.000,3143.000,3140.000,3053.000,3014.000,2980.000,2961.000,3167.000,3250.000,3314.000,3391.000,3438.000,3439.000,3469.000,3506.000,3608.000,3679.000,3742.000,3791.000,3843.000,3891.000,3962.000,4009.000,4049.000,4112.000,4165.000,4232.000,4274.000,4303.000,4345.000,4378.000,4417.821,4462.155,4502.412,4524.244,4545.782,4578.986,4595.904,4626.514,4646.108,4682.811,4712.045,4726.343,4728.870,4721.438,4735.563,4747.767,4755.618,4777.919,4822.388,4856.574,4902.265,4952.675,5004.636,5055.318,5095.504,5137.004,5173.828,5200.235,5222.124,5250.446,5373.999,5406.835,5445.162,5479.203,5514.026,5546.166,5577.655,5610.775,5640.996,5669.264,5690.538,5705.840,5720.825
Wyoming,220.000,223.000,226.000,229.000,230.000,230.000,233.000,237.000,240.000,243.000,246.000,248.000,250.000,247.000,251.000,247.000,242.000,239.000,254.000,258.000,269.000,277.000,290.000,291.000,293.000,290.000,293.000,307.000,312.000,314.000,315.000,320.000,331.000,337.000,333.000,336.000,339.000,332.000,323.000,322.000,324.000,329.000,332.416,340.285,347.345,354.061,365.501,381.695,396.952,413.354,432.880,454.378,474.185,491.712,506.400,510.345,504.896,499.695,495.633,476.965,465.101,458.374,453.401,457.739,463.491,469.033,474.982,478.447,480.085,480.031,480.045,479.602,494.300,494.657,500.017,503.453,509.106,514.157,522.667,534.876,546.043,559.851,564.531,567.491,576.656
